user_id,avg_order_value,total_sales
user_16,109.76,219.52
user_19,84.972,424.86
user_12,116.7225,466.89
user_9,116.35,581.75
user_7,89.6,268.8
user_10,131.576666666667,394.73
user_1,114.1125,456.45
user_4,63.284,316.42
user_15,139.315,557.26
user_13,77.7025,310.81
user_8,106.371666666667,638.23
user_18,127.24,254.48
user_5,132.24,264.48
user_17,166.7,166.7
user_20,104.0325,416.13
user_14,102.598,512.99
user_11,118.30125,946.41
user_2,155.12,465.36
